INSERT INTO datiaccesso (username,email,password,telefono) VALUES
('tilanis','7abde@picfibum.ml','d8pWB8tu7qSmVjHXGNDnuF8X',3490420329),
('alatomer','da.gnb98m@34828.monster','7ygTWfzwDmgVKUUx8szT54wT',3393060527),
('mesoso','pmirahmad@diethenorp.cf','LZZLJhZvWZ3FhFVPANZ5HVgh',3742622130),
('ariolari','gamine.vitt@layquili.tk','m8kfHSk5Yy5tZxFCrGvsCnW7',3495028045),
('uroiges','lsalam.salam.526x@getmygooods.store','7SYYt2e7CY93Ht3sp7VKGUCK',3830993654),
('arano','f23abba@5804445.com','CyP9LY3ANYYA7TPZgKEWNQ7J',3601815978),
('osinavv','vanaro@melresa.cf','EJAbPHM6qXKRngW3XV6pCuTA',3399104738),
('idorone','dkarim.di@blowterlu.ml','S836rvCHAcM7PASfTnQkvkce',3956222761),
('talla','asaidbouteb@citippgad.tk','m3RrCEVFXYbcpWmt9Rrh7bfc',3339826713),
('ereivvas','chouyem.wijden@kopf.pro','GUhWeQCsp8qh7FwLs8FMf78d',3821704572),
('rentosil','nhusai@eraghou.cf','GJRSPGzWKBqbKkaSf5G2fkWB',3874051298),
('tiape','7leejing@cabuddti.cf','XA7USQtkzKSqJ3LsJJGzEs5D',3744326637),
('lessamuav','mabdo.anymo@shuifuli.com','6HenxQedXZ4277ZmWSz2zkBS',3866323566),
('genomiar','ymokshgandhi@coidrafho.cf','yTJRhKtzNNervL5KpsPhbDH5',3739179031),
('riollo','8kay3@215839.xyz','UCUn5d52BdEhFS4VCzTYyhYx',3390273979),
('icruo','skweenbee051@volthdas.gq','uHzMMMQR9yrzSYF6T2JpU4Bp',3626972627)
;

INSERT INTO sviluppatore (nome,sitoweb,email) VALUES
('Red Hook Studios','http://www.redhookgames.com/','biz@redhookgames.com'),
('Wolfire Games','https://www.wolfire.com/','contact@wolfire.com'),
('SCS Software','https://scssoft.com/','info@scssoft.com'),
('Ladia Group','http://www.ladiagroup.com/','developers@ladiagroup.ru'),
('Hamumu Software','http://www.hamumu.com/','jamul@hamumu.com'),
('Smoking Gun Interactive','http://www.smokingguninc.com/','info@smokingguninc.com'),
('Nixxes Software BV','https://www.nixxes.com/','info@nixxes.com'),
('Juicy Beast','http://juicybeast.com/','info@juicybeast.com'),
('Black Ops Entertainment','http://www.blackops.com/','blackopshr@gmail.com'),
('Basically, Games!','https://www.basicallygames.com/','contact@basicallygames.com'),
('Rare','https://www.rare.co.uk/','editor@rare.co.uk'),
('Alcachofa Soft','http://www.alcachofasoft.com/','alcachofa@alcachofasoft.com'),
('Intelligent Systems','https://www.intsys.co.jp/','sales@intsys.co.jp'),
('Tantalus Media','https://www.tantalus.com.au/','tantalus@tantalus.com.au'),
('The Software Toolworks','https://www.toolworks.com/','myhmhco@hmhco.com'),
('Interplay','https://www.interplay.com/','info@interplay.com')
;


INSERT INTO videogioco (nomepacchetto,versione,requisiti,nome,dimensione,prezzo,descrizione,nomesviluppatore) VALUES
('com.redhook.darkestdungeon',3.22,'Almeno 2 GB di RAM','Darkest Dungeon',462.43,49.99,'Un RPD rogue-like in stile gotico.','Red Hook Studios'),
('com.wolfire.overgrowth',4.58,'Almeno 2 GB di RAM','Overgrowth',656.57,79.99,'Il sequel del classico Lugaru','Wolfire Games'),
('com.scs.busdriver',7.76,'Almeno 2 GB di RAM','Bus Driver',970.33,19.99,'Conduci pazze corse con il tuo autobus personale!!!','SCS Software'),
('com.ladia.sheepsquest',3.57,'Almeno 2 GB di RAM','Sheep''s Quest',243.61,59.99,'Un videogico puzzle a tema fattoria.','Ladia Group'),
('com.hamumu.robotwantskitty',1.06,'Almeno 2 GB di RAM','Robot Wants Kitty',894.38,89.99,'Distruggi tutto per salvare i gattini!!!','Hamumu Software'),
('com.hamumu.growtopia',5.77,'Almeno 2 GB di RAM','Growtopia',276.67,59.99,'Non è il solito sandbox.','Hamumu Software'),
('com.microsoft.solitaire',9.78,'Almeno 1 GB di RAM','Microsoft Solitaire Collection',264.97,79.99,'Il classico Solitario di Windows.','Smoking Gun Interactive'),
('com.nixxes.kain',3.29,'Almeno 4 GB di RAM','Legacy of Kain: Soul Reaver',400.26,39.99,'Aiuta Raziel a vendicare ciò che ha fatto il vampiro.','Nixxes Software BV'),
('com.juicy.burritobison',3.22,'Almeno 2 GB di RAM','Burrito Bison Revenge',689.85,69.99,'Dopo Burrito Bison, ecco una nuova avventura!!!','Juicy Beast'),
('com.blackops.fugitive',9.95,'Almeno 8 GB di RAM','Fugitive Hunter: War on Terror',337.71,19.99,'Cattura tutti i trafficanti!!!','Black Ops Entertainment'),
('com.blackops.xfilesresistserve',3.35,'Almeno 8 GB di RAM','The X-Files: Resist or Serve',662.16,79.99,'Se sei un fan di X-Files, questo è il videogico che fa per te!!!','Black Ops Entertainment'),
('com.mystman12.baldibasics',8.35,'Almeno 1 GB di RAM','Baldi''s Basics in Education and Learning',728.53,99.99,'Sei bravo in matemetica? Prima di rispondere ascolta il parere di Baldi ...','Basically, Games!'),
('com.rare.conkertales',8.47,'Almeno 1 GB di RAM','Conker''s Pocket Tales',362.78,29.99,'Il dolcissimo Conker ti farà rilassare con le sue dolcissime avventure.','Rare'),
('com.alcachofa.mortadelo',9.54,'Almeno 1 GB di RAM','Mortadelo y Filemon: El sulfato atómico',384.36,19.99,'Direttamente dai funetti spagnoli, ecco Mortadello e Filemon!!!','Alcachofa Soft'),
('com.intelligent.gamewario',8.47,'Almeno 4 GB di RAM','Game & Wario',303.89,59.99,'Ciao, sono io, Wario! Che ne dici di provare un''altra delle mie avventure?','Intelligent Systems'),
('com.intelligent.papermario',6.76,'Almeno 8 GB di RAM','Paper Mario',967.32,29.99,'In un mondo fragile come la carta, Mario e i suoi amici si ritrovano vittime dell''ennesima malefatta di Bowser. Riusciranno a cavarsela?','Intelligent Systems'),
('com.tantalus.sonicmania',0.19,'Almeno 2 GB di RAM','Sonic Mania',485.71,9.99,'I grandi classici di Sonic in tutta la loro gloria bidimensionale.','Tantalus Media'),
('com.toolkit.mariofunletters',8.37,'Almeno 1 GB di RAM','Mario''s Early Years: Fun With Letters',82.99,49.99,'Impara le lettere, con Mario e i suoi amici!!!','The Software Toolworks'),
('com.interplay.mariotyping',5.05,'Almeno 1 GB di RAM','Mario Teaches Typing',708.85,79.99,'Impara a scrivere con la tastiera, con Mario e i suoi amici!!!','Interplay'),
('com.interplay.mariotyping2',9.21,'Almeno 1 GB di RAM','Mario Teaches Typing 2',384.48,89.99,'Impara a scrivere con la tastiera, con Mario e i suoi amici!!! Ora Mario ti assisterà personalmente!','Interplay')
;

INSERT INTO datianagrafici (username,nome,cognome,sesso,cf,luogonascita,datanascita) VALUES
('tilanis','Addolorata','Pittao','F','PTTDLR99E69C461N','CENESELLI','1999-05-29'),
('alatomer','Benvenuta','Alessiati','F','LSSBVN88T46L766L','VERGO','1988-12-06'),
('mesoso','Berenice','Dorra','F','DRRBNC89A54H304R','RIOMAGGIORE','1989-01-14'),
('ariolari','Damiana','Caverzasi','F','CVRDMN98H45F305A','MOLTRASIO','1998-06-05'),
('uroiges','Demetrio','Tuarivoli','M','TRVDTR98B10I918Z','SPIRAGO','1998-02-10'),
('arano','Denni','Archelao','M','RCHDNN95S19E189A','GROMO','1995-11-19'),
('osinavv','Diamante','Urlini','M','RLNDNT92E07G801Z','POLPENAZZE DEL GARDA','1992-05-07'),
('idorone','Eraldo','Sciarcon','M','SCRRLD00C31G581E','PIAZZA','2000-03-31'),
('talla','Eufemia','Ghilia','F','GHLFME90C52H184J','RAPINO','1990-03-12'),
('ereivvas','Gionata','Vittonetto','M','VTTGNT94E12G652D','PIEVE SAN MAURIZIO','1994-05-12'),
('rentosil','Giorgia','Linnei','F','LNNGRG00M63H181A','RANZO','2000-08-23'),
('tiape','Manfredo','Pramosi','M','PRMMFR91H16E708T','LOZZO DI CADORE','1991-06-16'),
('lessamuav','Oreste','Denei','M','DNERST97E23F213L','MILLESIMO','1997-05-23'),
('genomiar','Ottone','Pezzedi','M','PZZTTN01C05C605R','CHIAMPO','2001-03-05'),
('riollo','Rosalia','Kolo','F','KLORSL00M64H180K','RANZO','2000-08-24'),
('icruo','Scolastica','Trubbiani','F','TRBSLS97M45F234A','MIRABELLO','1997-08-05')
;

INSERT INTO pagamento (idpagamento,username,videogioco,data) VALUES
(1,'tilanis','com.hamumu.robotwantskitty','2020-01-01'),
(2,'alatomer','com.ladia.sheepsquest','2020-01-05'),
(3,'mesoso','com.intelligent.gamewario','2020-01-06'),
(4,'ariolari','com.interplay.mariotyping2','2020-01-27'),
(5,'uroiges','com.mystman12.baldibasics','2020-01-28'),
(6,'arano','com.interplay.mariotyping2','2020-01-31'),
(7,'osinavv','com.wolfire.overgrowth','2020-02-02'),
(8,'idorone','com.hamumu.robotwantskitty','2020-02-07'),
(9,'talla','com.ladia.sheepsquest','2020-02-29'),
(10,'ereivvas','com.tantalus.sonicmania','2020-03-01'),
(11,'ereivvas','com.mystman12.baldibasics','2020-03-02'),
(12,'rentosil','com.mystman12.baldibasics','2020-03-06'),
(13,'tiape','com.intelligent.gamewario','2020-03-09'),
(14,'lessamuav','com.wolfire.overgrowth','2020-03-10'),
(15,'genomiar','com.hamumu.robotwantskitty','2020-03-29'),
(16,'riollo','com.tantalus.sonicmania','2020-03-30'),
(17,'icruo','com.mystman12.baldibasics','2020-03-31'),
(18,'tilanis','com.ladia.sheepsquest','2020-04-01'),
(19,'alatomer','com.microsoft.solitaire','2020-04-10'),
(20,'mesoso','com.rare.conkertales','2020-04-13'),
(21,'ariolari','com.scs.busdriver','2020-05-23'),
(22,'uroiges','com.ladia.sheepsquest','2020-05-27'),
(23,'arano','com.intelligent.papermario','2020-05-28'),
(24,'osinavv','com.rare.conkertales','2020-05-31'),
(25,'idorone','com.rare.conkertales','2020-06-10'),
(26,'talla','com.scs.busdriver','2020-06-16'),
(27,'ereivvas','com.microsoft.solitaire','2020-06-19'),
(28,'rentosil','com.scs.busdriver','2020-06-26'),
(29,'tiape','com.ladia.sheepsquest','2020-07-01'),
(30,'lessamuav','com.microsoft.solitaire','2020-07-04'),
(31,'genomiar','com.intelligent.papermario','2020-07-08'),
(32,'riollo','com.microsoft.solitaire','2020-07-10'),
(33,'icruo','com.ladia.sheepsquest','2020-07-13')
;

INSERT INTO pegi(idpegi,videogioco,motivazione,minimoeta) VALUES
(1,'com.redhook.darkestdungeon','Violenza','16'),
(2,'com.wolfire.overgrowth','Violenza','18'),
(3,'com.scs.busdriver',NULL,'3'),
(4,'com.ladia.sheepsquest',NULL,'3'),
(5,'com.hamumu.robotwantskitty',NULL,'3'),
(6,'com.hamumu.growtopia','Violenza','7'),
(7,'com.microsoft.solitaire',NULL,'3'),
(8,'com.nixxes.kain','Violenza','16'),
(9,'com.juicy.burritobison',NULL,'3'),
(10,'com.blackops.fugitive','Violenza','16'),
(11,'com.blackops.xfilesresistserve','Paura','16'),
(12,'com.mystman12.baldibasics','Paura','12'),
(13,'com.rare.conkertales',NULL,'12'),
(14,'com.alcachofa.mortadelo',NULL,'3'),
(15,'com.intelligent.gamewario','Violenza, Paura','7'),
(16,'com.intelligent.papermario',NULL,'3'),
(17,'com.tantalus.sonicmania',NULL,'3'),
(18,'com.toolkit.mariofunletters',NULL,'3'),
(19,'com.interplay.mariotyping',NULL,'3'),
(20,'com.interplay.mariotyping2',NULL,'3')
;

INSERT INTO categoria (idcategoria,nome) VALUES
(1,'Sparatutto'),
(2,'MMORPG'),
(3,'RPG'),
(4,'Horror'),
(5,'Eduntaiment'),
(6,'Carte'),
(7,'Azione'),
(8,'Party'),
(9,'Platformer'),
(10,'Rogue-like'),
(11,'Gestionale'),
(12,'Sandbox'),
(13,'Puzzle'),
(14,'Rompicapo')
;

INSERT INTO appartiene (videogioco,categoria) VALUES
('com.redhook.darkestdungeon',3),
('com.redhook.darkestdungeon',10),
('com.wolfire.overgrowth',7),
('com.scs.busdriver',7),
('com.ladia.sheepsquest',11),
('com.ladia.sheepsquest',12),
('com.hamumu.robotwantskitty',7),
('com.hamumu.robotwantskitty',9),
('com.hamumu.growtopia',2),
('com.hamumu.growtopia',9),
('com.hamumu.growtopia',12),
('com.microsoft.solitaire',6),
('com.nixxes.kain',4),
('com.juicy.burritobison',7),
('com.juicy.burritobison',9),
('com.blackops.fugitive',1),
('com.blackops.fugitive',4),
('com.blackops.xfilesresistserve',4),
('com.mystman12.baldibasics',4),
('com.rare.conkertales',7),
('com.rare.conkertales',9),
('com.alcachofa.mortadelo',7),
('com.alcachofa.mortadelo',9),
('com.intelligent.gamewario',8),
('com.intelligent.papermario',3),
('com.tantalus.sonicmania',9),
('com.toolkit.mariofunletters',5),
('com.interplay.mariotyping',5),
('com.interplay.mariotyping2',5)
;

INSERT INTO scarica (username,videogioco,pagamento) VALUES
('tilanis','com.hamumu.robotwantskitty',1),
('alatomer','com.ladia.sheepsquest',2),
('mesoso','com.intelligent.gamewario',3),
('ariolari','com.interplay.mariotyping2',4),
('uroiges','com.mystman12.baldibasics',5),
('arano','com.interplay.mariotyping2',6),
('osinavv','com.wolfire.overgrowth',7),
('idorone','com.hamumu.robotwantskitty',8),
('talla','com.ladia.sheepsquest',9),
('ereivvas','com.tantalus.sonicmania',10),
('ereivvas','com.mystman12.baldibasics',11),
('rentosil','com.mystman12.baldibasics',12),
('tiape','com.intelligent.gamewario',13),
('lessamuav','com.wolfire.overgrowth',14),
('genomiar','com.hamumu.robotwantskitty',15),
('riollo','com.tantalus.sonicmania',16),
('icruo','com.mystman12.baldibasics',17),
('tilanis','com.ladia.sheepsquest',18),
('alatomer','com.microsoft.solitaire',19),
('mesoso','com.rare.conkertales',20),
('ariolari','com.scs.busdriver',21),
('uroiges','com.ladia.sheepsquest',22),
('arano','com.intelligent.papermario',23),
('osinavv','com.rare.conkertales',24),
('idorone','com.rare.conkertales',25),
('talla','com.scs.busdriver',26),
('ereivvas','com.microsoft.solitaire',27),
('rentosil','com.scs.busdriver',28),
('tiape','com.ladia.sheepsquest',29),
('lessamuav','com.microsoft.solitaire',30),
('genomiar','com.intelligent.papermario',31),
('riollo','com.microsoft.solitaire',32),
('icruo','com.ladia.sheepsquest',33)
;

INSERT INTO recensione (username,videogioco,idrecensione,testo,valutazione,data_recensione) VALUES
('mesoso','com.intelligent.gamewario',1,'I giochi precedenti della serie erano belli, ma questo non mi piace, è poco centrato sui minigiochi.',2,'2020-08-09'),
('lessamuav','com.microsoft.solitaire',2,'Troppa pubblicità',1,'2020-08-18'),
('icruo','com.ladia.sheepsquest',3,'Carino',4,'2020-09-18'),
('alatomer','com.microsoft.solitaire',4,'Molto bello.',5,'2020-10-09'),
('genomiar','com.hamumu.robotwantskitty',5,'Troppo dolce!!!',5,'2020-11-02'),
('alatomer','com.ladia.sheepsquest',6,'Non mi piace per niente, mi piacerebbe dare 0 ma non posso',1,'2020-11-12'),
('icruo','com.mystman12.baldibasics',7,'Coinvolgente',4,'2020-11-15'),
('arano','com.interplay.mariotyping2',8,'La testa di Mario svolazzante è mitica!!!',5,'2020-11-18')
;

INSERT INTO listaversioni (videogioco,versione,data_listaversioni) VALUES
('com.redhook.darkestdungeon',4.56,'2020-08-01'),
('com.toolkit.mariofunletters',8.38,'2020-09-23'),
('com.toolkit.mariofunletters',9.00,'2020-09-26'),
('com.nixxes.kain',5.27,'2020-10-11'),
('com.intelligent.papermario',7.81,'2020-10-19'),
('com.intelligent.gamewario',9.31,'2020-11-14'),
('com.intelligent.gamewario',9.32,'2020-11-18'),
('com.hamumu.robotwantskitty',2.00,'2020-11-28')
;

INSERT INTO codice (codice,scadenza,videogioco,pagamento) VALUES
('DGLQIDH5UST9N67Z','2030-03-26','com.wolfire.overgrowth',7),
('AYSXQCU6B4FMAJKO','2030-05-27','com.mystman12.baldibasics',5),
('2FVX75GXW54618SR','2030-10-01','com.interplay.mariotyping2',6),
('HXA5AM3K6SJ05AHX','2030-12-05','com.tantalus.sonicmania',10)
;

INSERT INTO carta (numero,ccv2,titolare,scadenza) VALUES
(4164981502891232,495,'Dorotea Leoni','2021-03-01'),
(4585204180090410,471,'Tonino Sorrentino','2027-04-01'),
(4510057928269039,711,'Alessandro Elena','2022-10-01'),
(4739892011862208,438,'Natanaele Spada','2022-08-01'),
(4076107290288608,377,'Nestore Terzi','2024-02-01'),
(4046452399457762,830,'Faustino Cracchiolo','2029-03-01'),
(4314782525986341,380,'Nunzia Valentini','2029-01-01'),
(4249346132477209,376,'Guglielmo Abbatelli','2028-06-01'),
(5448969374754955,610,'Lino Allegro','2020-08-01'),
(5257809295330081,139,'Marciano De Palma','2022-03-01'),
(5148076093471813,174,'Iolanda Roma','2027-07-01'),
(5296489115688902,463,'Benito Lombardi','2029-01-01'),
(5258609093932305,697,'Crescenzo Lippi','2029-02-01'),
(5486513096954262,149,'Fiore Stablum','2021-01-01'),
(5525759278136821,167,'Orsino Benini','2020-11-01'),
(5162741218785956,762,'Concetto Morandi','2029-05-01')
;

INSERT INTO concarta (pagamento,carta) VALUES
(1,4585204180090410),
(2,4739892011862208),
(3,4076107290288608),
(4,4046452399457762),
(8,4249346132477209),
(9,5448969374754955),
(11,5257809295330081),
(12,5148076093471813),
(13,5296489115688902),
(14,5258609093932305),
(15,5486513096954262),
(16,5525759278136821)
;

INSERT INTO listadesideri (username,videogioco,data_listadesideri) VALUES
('ariolari','com.intelligent.papermario','2020-06-21'),
('talla','com.intelligent.papermario','2020-08-18'),
('icruo','com.toolkit.mariofunletters','2020-10-13'),
('genomiar','com.rare.conkertales','2020-11-13')
;